,Income_group,Income_group_Code,Year,Borrowed_from_a_financial_institution_female_pct_age_15,Borrowed_from_a_financial_institution_male_pct_age_15,Borrowed_ffriends_male_pct_age_o15,Borrowed_from_family_or_friends_female_pct_age_15,Borrowed_business_female_pct_age_o15,Borrowed_business_male_pct_age_o15,Financial_institution_account_male_pct_age_o15,Financial_institution_account_female_pct_age_o15,Saved_business_female_pct_age_o_15,Saved_business_male_pct_age_o_15
0,High income,HIC,2014,15.6381979,20.25910378,16.50507164,14.33289337,1.4894287590000002,3.8989479539999996,93.22699738,92.42949677,6.474092007,12.24131107
1,High income,HIC,2017,16.74460983,21.61847115,12.97397327,13.5387001,2.103281975,4.290406704,94.50841522,92.90899658,9.810725212000001,17.20994186
2,Low income,LIC,2014,5.185500622,6.35080862,39.20329285,38.14061356,11.90529537,14.15968418,19.35510635,14.52492142,16.20131111,23.242212300000002
3,Low income,LIC,2017,6.411186695,7.746876717,33.95874786,28.80566978,10.5946455,12.80556297,28.65436363,20.52911186,17.66313553,22.41353798
4,Lower middle income,LMC,2014,7.077246666000001,8.97362709,33.99350739,31.04364014,6.988795757,11.46511745,46.70274353,34.48958588,8.754417419,14.71553612
5,Lower middle income,LMC,2017,7.314330101,9.517107964,32.71772766,28.13512421,6.813034534,8.998812675,60.57784653,51.66099548,10.21089554,15.48967075
6,Upper middle income,UMC,2014,10.11850643,11.96666813,25.11469078,23.48490143,5.238873482,7.375381947,74.41148376,68.67855072,12.84289551,20.41763115
7,Upper middle income,UMC,2017,8.504173279,11.390950199999999,26.934852600000003,25.33069801,4.290270805,6.783298969,76.59606171,69.04846191,11.52722836,17.41002083
